R0,amplitude,gamma,mu,sigma,rho,psi,S_0,E_0,I_0,R_0
49.59366914,0.527579941,73.05,0.384272435,45.66,0.794042254,0.417394528,0.135434761,0.772661858,0.001449849,0.090453532