R0,amplitude,gamma,mu,sigma,rho,psi,S_0,E_0,I_0,R_0
49.59366914,0.527579941,73.05,0.384272435,45.66,0.794042254,0.417394528,0.135434761,0.772661858,0.001449849,0.090453532
46.1418733,0.501179774,73.05,0.320071956,45.66,0.688987375,0.404927208,0.373794212,0.488138008,0.004113046,0.133954734
47.00496176,0.523536456,73.05,0.331239372,45.66,0.747934335,0.366041035,0.817003601,0.181315991,0.000871281,0.000809127
42.71700199,0.521176791,73.05,0.248243639,45.66,0.694114953,0.366691197,0.011404588,0.053669702,0.007541166,0.927384544
49.91257623,0.504168004,73.05,0.387819807,45.66,0.72038736,0.442931825,0.209780116,0.00023246,6.32E-07,0.789986792